지점,지점명,일시,기온(°C),풍향(deg),풍속(m/s),강수량(mm),습도(%)
572,성남,2025.11.1 0:00,13.7,330.5,1.1,0,75
572,성남,2025.11.1 1:00,11.4,0,0,1,96
572,성남,2025.11.1 2:00,11.4,0,0.1,0,97
572,성남,2025.11.1 3:00,11.7,0,0,0,94
572,성남,2025.11.1 4:00,11.9,313.5,1,0,88
572,성남,2025.11.1 5:00,12,313.9,1.7,0,85
572,성남,2025.11.1 6:00,11,0,0.2,0,88
572,성남,2025.11.1 7:00,9.8,0,0.2,0,89
572,성남,2025.11.1 8:00,9.6,0,0,0,88
572,성남,2025.11.1 9:00,11.5,0,0.1,0,77
572,성남,2025.11.1 10:00,13.3,321.9,1.7,0,58
572,성남,2025.11.1 11:00,14.2,313.7,1.5,0,53
572,성남,2025.11.1 12:00,14.8,301.7,1.9,0,48
572,성남,2025.11.1 13:00,15.6,325.6,1.9,0,42
572,성남,2025.11.1 14:00,16.1,305.5,1.2,0,40
572,성남,2025.11.1 15:00,16.4,291,1,0,34
572,성남,2025.11.1 16:00,15.6,267.2,0.8,0,36
572,성남,2025.11.1 17:00,14.9,245.8,0.7,0,51
572,성남,2025.11.1 18:00,10.7,0,0,1,87
572,성남,2025.11.1 19:00,10.2,0,0,0,96
572,성남,2025.11.1 20:00,9.2,0,0.1,0,97
572,성남,2025.11.1 21:00,9.1,0,0.1,0,92
572,성남,2025.11.1 22:00,9.7,0,0.1,0,92
572,성남,2025.11.1 23:00,11.4,286.1,0.5,0,81
572,성남,2025.11.2 0:00,9.7,0,0,0,89
572,성남,2025.11.2 1:00,9.4,0,0.4,0,93
572,성남,2025.11.2 2:00,8.1,0,0,0,98
572,성남,2025.11.2 3:00,7.7,0,0.2,0,98
572,성남,2025.11.2 4:00,7.8,0,0,0,98
572,성남,2025.11.2 5:00,6.7,0,0,0,98
572,성남,2025.11.2 6:00,6.4,0,0,0,99
572,성남,2025.11.2 7:00,9,309.9,1.7,0,69
572,성남,2025.11.2 8:00,9,348.4,0.9,0,69
572,성남,2025.11.2 9:00,9.2,331,2.2,0,63
572,성남,2025.11.2 10:00,9.7,333.9,1.8,0,60
572,성남,2025.11.2 11:00,10.1,308.1,3.3,0,48
572,성남,2025.11.2 12:00,10.4,307,2.5,0,46
572,성남,2025.11.2 13:00,10.5,312.1,2.4,0,45
572,성남,2025.11.2 14:00,10.1,317,2.8,0,43
572,성남,2025.11.2 15:00,10,306.7,2.2,0,44
572,성남,2025.11.2 16:00,10.3,319.2,2.1,0,43
572,성남,2025.11.2 17:00,9.2,308.7,1.9,0,42
572,성남,2025.11.2 18:00,8,280.2,0.7,0,49
572,성남,2025.11.2 19:00,7.6,322,1.8,0,50
572,성남,2025.11.2 20:00,6.9,317.5,2.9,0,49
572,성남,2025.11.2 21:00,6.3,346.3,2,0,46
572,성남,2025.11.2 22:00,5.5,340.3,1.2,0,49
572,성남,2025.11.2 23:00,4.7,323.6,1.3,0,51
572,성남,2025.11.3 0:00,3.5,0,0.4,0,56
572,성남,2025.11.3 1:00,2.1,0,0.3,0,64
572,성남,2025.11.3 2:00,1.2,0,0.1,0,68
572,성남,2025.11.3 3:00,1,0,0,0,77
572,성남,2025.11.3 4:00,-0.1,0,0.1,0,81
572,성남,2025.11.3 5:00,0,0,0,0,79
572,성남,2025.11.3 6:00,0.3,0,0.1,0,81
572,성남,2025.11.3 7:00,0.3,0,0,0,78
572,성남,2025.11.3 8:00,1.7,0,0.3,0,74
572,성남,2025.11.3 9:00,3.4,0,0.2,0,64
572,성남,2025.11.3 10:00,5.2,316.5,0.9,0,59
572,성남,2025.11.3 11:00,7.6,356.7,0.6,0,53
572,성남,2025.11.3 12:00,9,314.4,0.8,0,50
572,성남,2025.11.3 13:00,10.8,45.9,0.7,0,49
572,성남,2025.11.3 14:00,12.2,308.2,0.5,0,43
572,성남,2025.11.3 15:00,12.8,0,0.4,0,43
572,성남,2025.11.3 16:00,13,330.2,0.8,0,43
572,성남,2025.11.3 17:00,12.4,319.9,0.6,0,47
572,성남,2025.11.3 18:00,8.8,0,0.1,0,67
572,성남,2025.11.3 19:00,7.2,0,0.1,0,77
572,성남,2025.11.3 20:00,6.2,0,0,0,82
572,성남,2025.11.3 21:00,5.3,0,0,0,84
572,성남,2025.11.3 22:00,4.8,0,0.1,0,87
572,성남,2025.11.3 23:00,4.3,0,0,0,88
572,성남,2025.11.4 0:00,4.6,0,0,0,87
572,성남,2025.11.4 1:00,4.3,0,0.2,0,89
572,성남,2025.11.4 2:00,3.9,0,0,0,91
572,성남,2025.11.4 3:00,3.9,0,0,0,92
572,성남,2025.11.4 4:00,3.6,0,0.1,0,94
572,성남,2025.11.4 5:00,3.5,0,0,0,94
572,성남,2025.11.4 6:00,3.8,0,0.1,0,94
572,성남,2025.11.4 7:00,3.9,0,0,0,91
572,성남,2025.11.4 8:00,5.1,0,0.2,0,88
572,성남,2025.11.4 9:00,7.3,0,0.2,0,80
572,성남,2025.11.4 10:00,9.6,342.3,0.5,0,72
572,성남,2025.11.4 11:00,12.1,0,0.3,0,60
572,성남,2025.11.4 12:00,14,203,0.6,0,53
572,성남,2025.11.4 13:00,15,158.3,0.5,0,49
572,성남,2025.11.4 14:00,15.3,0,0.3,0,44
572,성남,2025.11.4 15:00,15.6,0,0.4,0,47
572,성남,2025.11.4 16:00,15.2,324.5,1.8,0,47
572,성남,2025.11.4 17:00,14.1,314.2,1,0,53
572,성남,2025.11.4 18:00,11.3,0,0.1,0,67
572,성남,2025.11.4 19:00,9.9,0,0.1,0,76
572,성남,2025.11.4 20:00,8.8,0,0,0,79
572,성남,2025.11.4 21:00,7.8,0,0,0,84
572,성남,2025.11.4 22:00,6.9,0,0.1,0,86
572,성남,2025.11.4 23:00,6.2,0,0,0,87
572,성남,2025.11.5 0:00,5.6,0,0,0,89
572,성남,2025.11.5 1:00,4.9,0,0,0,89
572,성남,2025.11.5 2:00,4.6,0,0,0,91
572,성남,2025.11.5 3:00,4.2,0,0.1,0,94
572,성남,2025.11.5 4:00,4,0,0,0,94
572,성남,2025.11.5 5:00,3.8,0,0,0,95
572,성남,2025.11.5 6:00,4,0,0,0,95
572,성남,2025.11.5 7:00,4,0,0,0,94
572,성남,2025.11.5 8:00,4.8,0,0,0,91
572,성남,2025.11.5 9:00,7.5,0,0.2,0,84
572,성남,2025.11.5 10:00,9.9,0,0.3,0,72
572,성남,2025.11.5 11:00,12.5,21.6,0.5,0,61
572,성남,2025.11.5 12:00,14.9,342,1.2,0,54
572,성남,2025.11.5 13:00,15.5,341.4,1.4,0,48
572,성남,2025.11.5 14:00,16.3,21.2,0.9,0,45
572,성남,2025.11.5 15:00,17,334.8,1.3,0,42
572,성남,2025.11.5 16:00,16.9,325.3,0.9,0,43
572,성남,2025.11.5 17:00,14.5,0,0.3,0,56
572,성남,2025.11.5 18:00,11.5,0,0,0,71
572,성남,2025.11.5 19:00,9.8,0,0,0,81
572,성남,2025.11.5 20:00,8.8,0,0,0,84
572,성남,2025.11.5 21:00,8.1,0,0,0,86
572,성남,2025.11.5 22:00,7.3,0,0.1,0,87
572,성남,2025.11.5 23:00,6.9,0,0,0,89
572,성남,2025.11.6 0:00,6.1,0,0,0,93
572,성남,2025.11.6 1:00,5.6,0,0,0,95
572,성남,2025.11.6 2:00,5.3,0,0,0,96
572,성남,2025.11.6 3:00,5.1,0,0,0,97
572,성남,2025.11.6 4:00,4.8,0,0,0,98
572,성남,2025.11.6 5:00,4.8,0,0,0,99
572,성남,2025.11.6 6:00,5,0,0,0,98
572,성남,2025.11.6 7:00,4.9,0,0,0,98
572,성남,2025.11.6 8:00,6.1,0,0,0,97
572,성남,2025.11.6 9:00,8.7,0,0.1,0,86
572,성남,2025.11.6 10:00,10.7,322.8,0.5,0,77
572,성남,2025.11.6 11:00,12.8,342.1,0.8,0,70
572,성남,2025.11.6 12:00,15,25,0.6,0,60
572,성남,2025.11.6 13:00,16.2,15.9,0.7,0,57
572,성남,2025.11.6 14:00,17.3,21.7,0.5,0,53
572,성남,2025.11.6 15:00,17.6,352.3,0.7,0,55
572,성남,2025.11.6 16:00,17.4,325.3,1.1,0,56
572,성남,2025.11.6 17:00,15.5,0,0.4,0,65
572,성남,2025.11.6 18:00,13.4,0,0.1,0,74
572,성남,2025.11.6 19:00,11.8,0,0.1,0,82
572,성남,2025.11.6 20:00,11.3,0,0.2,0,84
572,성남,2025.11.6 21:00,10.3,0,0,0,87
572,성남,2025.11.6 22:00,9.9,0,0,0,88
572,성남,2025.11.6 23:00,9.1,0,0,0,93
572,성남,2025.11.7 0:00,8.3,0,0,0,97
572,성남,2025.11.7 1:00,7.8,0,0,0,98
572,성남,2025.11.7 2:00,7.2,0,0,0,99
572,성남,2025.11.7 3:00,6.7,0,0,0,99
572,성남,2025.11.7 4:00,6.7,0,0,0,99
572,성남,2025.11.7 5:00,6.7,0,0,0,99
572,성남,2025.11.7 6:00,7.3,0,0,0,99
572,성남,2025.11.7 7:00,6.8,0,0,0,99
572,성남,2025.11.7 8:00,7.5,0,0,0,99
572,성남,2025.11.7 9:00,9.7,0,0,0,89
572,성남,2025.11.7 10:00,12.7,0,0.1,0,76
572,성남,2025.11.7 11:00,15.6,114.6,1.2,0,60
572,성남,2025.11.7 12:00,16.8,126.4,0.8,0,57
572,성남,2025.11.7 13:00,17.8,0,0.3,0,51
572,성남,2025.11.7 14:00,18.2,315.3,0.9,0,50
572,성남,2025.11.7 15:00,18.8,354.5,1.1,0,49
572,성남,2025.11.7 16:00,18.8,333.6,1.1,0,49
572,성남,2025.11.7 17:00,16.7,0,0.2,0,58
572,성남,2025.11.7 18:00,13.8,0,0.1,0,73
572,성남,2025.11.7 19:00,11.9,0,0,0,81
572,성남,2025.11.7 20:00,11,0,0,0,83
572,성남,2025.11.7 21:00,10.7,0,0,0,84
572,성남,2025.11.7 22:00,10.1,0,0,0,86
572,성남,2025.11.7 23:00,9.5,0,0,0,87
572,성남,2025.11.8 0:00,9.2,0,0,0,88
572,성남,2025.11.8 1:00,8.7,0,0.1,0,89
572,성남,2025.11.8 2:00,8.6,0,0,0,90
572,성남,2025.11.8 3:00,8.5,0,0.1,0,93
572,성남,2025.11.8 4:00,8.5,0,0,0,94
572,성남,2025.11.8 5:00,8.9,0,0,0,95
572,성남,2025.11.8 6:00,9.7,0,0,0,88
572,성남,2025.11.8 7:00,10.6,0,0,0,87
572,성남,2025.11.8 8:00,11.1,0,0,0,86
572,성남,2025.11.8 9:00,12.3,0,0,0,84
572,성남,2025.11.8 10:00,14.5,0,0,0,73
572,성남,2025.11.8 11:00,15.4,0,0.3,0,68
572,성남,2025.11.8 12:00,16.2,112.2,0.6,0,66
572,성남,2025.11.8 13:00,17,0,0.3,0,61
572,성남,2025.11.8 14:00,17.2,0,0.4,0,60
572,성남,2025.11.8 15:00,16.6,106.5,0.6,0,62
572,성남,2025.11.8 16:00,16.5,0,0.4,0,64
572,성남,2025.11.8 17:00,15.5,0,0,0,70
572,성남,2025.11.8 18:00,14.6,0,0,0,76
572,성남,2025.11.8 19:00,14,0,0,0,80
572,성남,2025.11.8 20:00,13.4,0,0,0,82
572,성남,2025.11.8 21:00,12.9,0,0.1,0,83
572,성남,2025.11.8 22:00,12.6,0,0,0,85
572,성남,2025.11.8 23:00,12.4,0,0,0,85
572,성남,2025.11.9 0:00,11.8,0,0,0,87
572,성남,2025.11.9 1:00,10.9,0,0,0,91
572,성남,2025.11.9 2:00,9.9,0,0,0,95
572,성남,2025.11.9 3:00,10.1,0,0,0,94
572,성남,2025.11.9 4:00,10.1,0,0,0,93
572,성남,2025.11.9 5:00,10.3,0,0,0,93
572,성남,2025.11.9 6:00,9.5,0,0,0,97
572,성남,2025.11.9 7:00,8.8,0,0,0,98
572,성남,2025.11.9 8:00,9.3,0,0,0,98
572,성남,2025.11.9 9:00,12.1,0,0.2,0,86
572,성남,2025.11.9 10:00,14.1,334,1.2,0,76
572,성남,2025.11.9 11:00,15,323.4,1.5,0,71
572,성남,2025.11.9 12:00,16.1,345.9,1.5,0,55
572,성남,2025.11.9 13:00,17,332.6,1.8,0,35
572,성남,2025.11.9 14:00,17,351.5,1.9,0,34
572,성남,2025.11.9 15:00,16.6,306.7,2.5,0,35
572,성남,2025.11.9 16:00,15.8,270.2,0.6,0,48
572,성남,2025.11.9 17:00,14.8,274.7,0.8,0,62
572,성남,2025.11.9 18:00,14.1,227.5,0.6,0,51
572,성남,2025.11.9 19:00,13.7,252.4,0.5,0,66
572,성남,2025.11.9 20:00,13.7,263,1.2,0,66
572,성남,2025.11.9 21:00,13.2,291.5,0.8,0,62
572,성남,2025.11.9 22:00,12.3,310,3.3,0,53
572,성남,2025.11.9 23:00,11.7,318.1,3.8,0,53
572,성남,2025.11.10 0:00,11.1,312.9,1.6,0,52
572,성남,2025.11.10 1:00,10.8,318.7,2.4,0,51
572,성남,2025.11.10 2:00,10.1,329.2,2.4,0,41
572,성남,2025.11.10 3:00,9,322.4,1.3,0,41
572,성남,2025.11.10 4:00,7,0,0.4,0,48
572,성남,2025.11.10 5:00,7.5,0,0.1,0,47
572,성남,2025.11.10 6:00,7.9,342.8,1,0,42
572,성남,2025.11.10 7:00,7.6,326.5,1.4,0,35
572,성남,2025.11.10 8:00,7.7,342.4,1.8,0,32
572,성남,2025.11.10 9:00,8.3,304.6,1.2,0,32
572,성남,2025.11.10 10:00,9,337.5,1.4,0,28
572,성남,2025.11.10 11:00,9.5,325.2,2.2,0,27
572,성남,2025.11.10 12:00,10.7,13.2,1.7,0,24
572,성남,2025.11.10 13:00,10.8,314.7,1.9,0,25
572,성남,2025.11.10 14:00,10.7,316.9,2.4,0,27
572,성남,2025.11.10 15:00,11.2,299.9,0.9,0,28
572,성남,2025.11.10 16:00,11.3,304.6,1.2,0,26
572,성남,2025.11.10 17:00,10.3,312,0.9,0,27
572,성남,2025.11.10 18:00,8.9,0,0.4,0,39
572,성남,2025.11.10 19:00,6.9,0,0.1,0,48
572,성남,2025.11.10 20:00,6.6,0,0.1,0,52
572,성남,2025.11.10 21:00,4.7,0,0,0,66
572,성남,2025.11.10 22:00,3.7,0,0.1,0,72
572,성남,2025.11.10 23:00,3.3,0,0.1,0,72
572,성남,2025.11.11 0:00,4.4,0,0.3,0,54
572,성남,2025.11.11 1:00,2.7,0,0,0,69
572,성남,2025.11.11 2:00,2.5,0,0,0,71
572,성남,2025.11.11 3:00,2,0,0,0,72
572,성남,2025.11.11 4:00,1.4,0,0,0,79
572,성남,2025.11.11 5:00,2.3,0,0,0,77
572,성남,2025.11.11 6:00,3,0,0,0,75
572,성남,2025.11.11 7:00,2.4,0,0.1,0,78
572,성남,2025.11.11 8:00,3,0,0,0,73
572,성남,2025.11.11 9:00,5.6,0,0.1,0,56
572,성남,2025.11.11 10:00,8,0,0.3,0,47
572,성남,2025.11.11 11:00,10.1,0,0.3,0,45
572,성남,2025.11.11 12:00,12.4,343,0.9,0,48
572,성남,2025.11.11 13:00,13.1,27.4,0.8,0,48
572,성남,2025.11.11 14:00,13.4,339,1.1,0,51
572,성남,2025.11.11 15:00,13.5,305.1,0.8,0,56
572,성남,2025.11.11 16:00,13.5,329.5,1.2,0,55
572,성남,2025.11.11 17:00,11.9,0,0.3,0,62
572,성남,2025.11.11 18:00,10.4,0,0.1,0,66
572,성남,2025.11.11 19:00,8.9,0,0.1,0,75
572,성남,2025.11.11 20:00,7.5,0,0,0,81
572,성남,2025.11.11 21:00,6.6,0,0,0,84
572,성남,2025.11.11 22:00,6.3,0,0,0,86
572,성남,2025.11.11 23:00,5.6,0,0.1,0,89
572,성남,2025.11.12 0:00,5.1,0,0.1,0,93
572,성남,2025.11.12 1:00,4.6,0,0.1,0,95
572,성남,2025.11.12 2:00,4,0,0,0,96
572,성남,2025.11.12 3:00,3.7,0,0,0,98
572,성남,2025.11.12 4:00,3.4,0,0.1,0,98
572,성남,2025.11.12 5:00,3.3,0,0,0,98
572,성남,2025.11.12 6:00,3.4,0,0,0,98
572,성남,2025.11.12 7:00,3.3,0,0,0,98
572,성남,2025.11.12 8:00,3.9,0,0,0,97
572,성남,2025.11.12 9:00,6.5,0,0.2,0,87
572,성남,2025.11.12 10:00,9.8,0,0.3,0,72
572,성남,2025.11.12 11:00,11.9,0,0.2,0,62
572,성남,2025.11.12 12:00,13.2,33.9,0.6,0,50
572,성남,2025.11.12 13:00,14.3,314.7,0.8,0,48
572,성남,2025.11.12 14:00,14.7,336.9,0.5,0,47
572,성남,2025.11.12 15:00,15.4,0,0.4,0,45
572,성남,2025.11.12 16:00,15.6,0,0.3,0,44
572,성남,2025.11.12 17:00,14.3,309.7,0.6,0,54
572,성남,2025.11.12 18:00,12.1,0,0,0,65
572,성남,2025.11.12 19:00,9.9,0,0,0,77
572,성남,2025.11.12 20:00,8.6,0,0.1,0,81
572,성남,2025.11.12 21:00,7.5,0,0,0,85
572,성남,2025.11.12 22:00,6.6,0,0,0,88
572,성남,2025.11.12 23:00,5.8,0,0,0,92
572,성남,2025.11.13 0:00,5.2,0,0,0,95
572,성남,2025.11.13 1:00,5,0,0.1,0,97
572,성남,2025.11.13 2:00,4.2,0,0.1,0,98
572,성남,2025.11.13 3:00,3.9,0,0.2,0,98
572,성남,2025.11.13 4:00,3.9,0,0,0,98
572,성남,2025.11.13 5:00,4,0,0,0,98
572,성남,2025.11.13 6:00,5.2,0,0.1,0,97
572,성남,2025.11.13 7:00,6.3,0,0,0,90
572,성남,2025.11.13 8:00,8,0,0.1,0,89
572,성남,2025.11.13 9:00,9.8,0,0.2,0,82
572,성남,2025.11.13 10:00,11.6,0,0.3,0,77
572,성남,2025.11.13 11:00,13,196.4,0.5,0,75
572,성남,2025.11.13 12:00,14.6,217.3,0.5,0,71
572,성남,2025.11.13 13:00,15.6,32.1,0.6,0,62
572,성남,2025.11.13 14:00,16.5,315.7,1.5,0,36
572,성남,2025.11.13 15:00,16.6,351.4,0.9,0,37
572,성남,2025.11.13 16:00,16.4,312,1.9,0,37
572,성남,2025.11.13 17:00,15.3,318.6,1.5,0,40
572,성남,2025.11.13 18:00,13.4,319.4,0.9,0,50
572,성남,2025.11.13 19:00,11.6,0,0,0,65
572,성남,2025.11.13 20:00,9.9,0,0,0,74
572,성남,2025.11.13 21:00,8.2,0,0.1,0,81
572,성남,2025.11.13 22:00,7.3,0,0.1,0,84
572,성남,2025.11.13 23:00,6.9,0,0.1,0,83
572,성남,2025.11.14 0:00,5.9,0,0.1,0,85
572,성남,2025.11.14 1:00,5,0,0.1,0,87
572,성남,2025.11.14 2:00,3.7,0,0,0,89
572,성남,2025.11.14 3:00,3.3,0,0,0,90
572,성남,2025.11.14 4:00,2.9,0,0.1,0,92
572,성남,2025.11.14 5:00,2.4,0,0.1,0,91
572,성남,2025.11.14 6:00,2.5,0,0,0,91
572,성남,2025.11.14 7:00,2.4,0,0,0,90
572,성남,2025.11.14 8:00,3,0,0.1,0,89
572,성남,2025.11.14 9:00,6.5,0,0.2,0,73
572,성남,2025.11.14 10:00,9.1,0,0.1,0,57
572,성남,2025.11.14 11:00,11.8,0.6,1.4,0,42
572,성남,2025.11.14 12:00,12.4,307.5,1.4,0,36
572,성남,2025.11.14 13:00,13.7,9.6,1.4,0,31
572,성남,2025.11.14 14:00,13.9,9.2,1.6,0,31
572,성남,2025.11.14 15:00,14.2,321.1,1.8,0,31
572,성남,2025.11.14 16:00,13.9,330.2,1.1,0,34
572,성남,2025.11.14 17:00,12.7,295.3,0.7,0,39
572,성남,2025.11.14 18:00,11,0,0.1,0,46
572,성남,2025.11.14 19:00,8.4,0,0.2,0,57
572,성남,2025.11.14 20:00,7,0,0.1,0,68
572,성남,2025.11.14 21:00,5.7,0,0,0,75
572,성남,2025.11.14 22:00,5.1,0,0,0,78
572,성남,2025.11.14 23:00,4.4,0,0.1,0,81
572,성남,2025.11.15 0:00,3.8,0,0,0,84
572,성남,2025.11.15 1:00,3.1,0,0,0,87
572,성남,2025.11.15 2:00,2.7,0,0,0,89
572,성남,2025.11.15 3:00,2.2,0,0,0,91
572,성남,2025.11.15 4:00,1.9,0,0,0,92
572,성남,2025.11.15 5:00,1.5,0,0,0,94
572,성남,2025.11.15 6:00,1.5,0,0.1,0,94
572,성남,2025.11.15 7:00,1.6,0,0,0,92
572,성남,2025.11.15 8:00,2.1,0,0,0,90
572,성남,2025.11.15 9:00,4.6,0,0,0,85
572,성남,2025.11.15 10:00,8.2,0,0.3,0,65
572,성남,2025.11.15 11:00,11.1,0,0.3,0,51
572,성남,2025.11.15 12:00,12.4,0,0.3,0,45
572,성남,2025.11.15 13:00,14.5,18.2,0.5,0,37
572,성남,2025.11.15 14:00,14.7,312.2,0.7,0,26
572,성남,2025.11.15 15:00,14.9,0,0.4,0,30
572,성남,2025.11.15 16:00,15.2,307.7,0.5,0,29
572,성남,2025.11.15 17:00,14,313.3,0.6,0,31
572,성남,2025.11.15 18:00,10.8,0,0,0,45
572,성남,2025.11.15 19:00,,,,0,
572,성남,2025.11.16 7:00,,,,0,86
572,성남,2025.11.16 8:00,,0,0.2,0,85
572,성남,2025.11.16 9:00,,,,0,
572,성남,2025.11.17 10:00,,314.4,3,0,38
572,성남,2025.11.17 11:00,,322.6,2.5,0,34
572,성남,2025.11.17 12:00,,316,2.5,0,35
572,성남,2025.11.17 13:00,,311.3,2.4,0,35
572,성남,2025.11.17 14:00,,306.5,2.4,0,35
572,성남,2025.11.17 15:00,,312.5,2,0,36
572,성남,2025.11.17 16:00,,310.8,2,0,34
572,성남,2025.11.17 17:00,,305.5,1.9,0,42
572,성남,2025.11.17 18:00,,303.3,1,0,47
572,성남,2025.11.17 19:00,,301.6,0.9,0,51
572,성남,2025.11.17 20:00,,334.1,1.6,0,55
572,성남,2025.11.17 21:00,,339.6,1.5,0,55
572,성남,2025.11.17 22:00,,339.1,2,0,55
572,성남,2025.11.17 23:00,,342.6,2.3,0,54
572,성남,2025.11.18 0:00,-0.2,330.4,1,0,56
572,성남,2025.11.18 1:00,-0.8,322.5,0.6,0,58
572,성남,2025.11.18 2:00,-0.7,295.3,0.8,0,57
572,성남,2025.11.18 3:00,-0.7,326.4,1.2,0,56
572,성남,2025.11.18 4:00,-0.9,338.9,1.2,0,57
572,성남,2025.11.18 5:00,-1.8,0,0.4,0,61
572,성남,2025.11.18 6:00,-1.8,0,0.2,0,65
572,성남,2025.11.18 7:00,-1.6,0,0.4,0,61
572,성남,2025.11.18 8:00,-2.1,0,0.1,0,66
572,성남,2025.11.18 9:00,0.3,330.4,1.5,0,46
572,성남,2025.11.18 10:00,1.8,334.2,2.5,0,37
572,성남,2025.11.18 11:00,2.8,330.3,1.3,0,35
572,성남,2025.11.18 12:00,3.7,0.4,1,0,35
572,성남,2025.11.18 13:00,5.1,305.3,2.3,0,35
572,성남,2025.11.18 14:00,5.4,1,1.1,0,37
572,성남,2025.11.18 15:00,5.3,298.2,1.8,0,40
572,성남,2025.11.18 16:00,4.5,301.6,1.5,0,43
572,성남,2025.11.18 17:00,4.4,313.4,1.3,0,44
572,성남,2025.11.18 18:00,2.7,0,0.3,0,52
572,성남,2025.11.18 19:00,2.4,0,0.3,0,56
572,성남,2025.11.18 20:00,2.2,0,0.2,0,58
572,성남,2025.11.18 21:00,1.2,0,0.1,0,67
572,성남,2025.11.18 22:00,0.2,0,0.1,0,71
572,성남,2025.11.18 23:00,-0.2,0,0.1,0,75
572,성남,2025.11.19 0:00,0.1,0,0.1,0,64
572,성남,2025.11.19 1:00,-1,0,0.1,0,70
572,성남,2025.11.19 2:00,-1.5,0,0.1,0,68
572,성남,2025.11.19 3:00,-2.1,0,0,0,74
572,성남,2025.11.19 4:00,-2.7,0,0.1,0,78
572,성남,2025.11.19 5:00,-3,0,0,0,78
572,성남,2025.11.19 6:00,-2.9,0,0.1,0,76
572,성남,2025.11.19 7:00,-2.8,0,0.1,0,80
572,성남,2025.11.19 8:00,-2.5,0,0.1,0,77
572,성남,2025.11.19 9:00,0,0,0.1,0,63
572,성남,2025.11.19 10:00,2,0,0.3,0,52
572,성남,2025.11.19 11:00,4.1,320.7,0.6,0,45
572,성남,2025.11.19 12:00,5.1,26.4,0.5,0,41
572,성남,2025.11.19 13:00,6.5,5.7,0.9,0,38
572,성남,2025.11.19 14:00,7.3,41,0.5,0,35
572,성남,2025.11.19 15:00,7.6,221.6,1,0,35
572,성남,2025.11.19 16:00,7.4,264.2,0.5,0,37
572,성남,2025.11.19 17:00,6.2,254.4,0.9,0,43
572,성남,2025.11.19 18:00,5.1,0,0.4,0,56
572,성남,2025.11.19 19:00,3.6,0,0.1,0,64
572,성남,2025.11.19 20:00,2.3,0,0,0,71
572,성남,2025.11.19 21:00,1.2,0,0,0,76
572,성남,2025.11.19 22:00,0.6,0,0.1,0,81
572,성남,2025.11.19 23:00,0.1,0,0.1,0,82
572,성남,2025.11.20 0:00,-0.4,0,0,0,84
572,성남,2025.11.20 1:00,-0.8,0,0,0,86
572,성남,2025.11.20 2:00,-0.7,0,0.1,0,86
572,성남,2025.11.20 3:00,0.9,0,0.2,0,83
572,성남,2025.11.20 4:00,2,0,0.1,0,80
572,성남,2025.11.20 5:00,3.3,0,0.1,0,74
572,성남,2025.11.20 6:00,3.5,0,0.2,0,74
572,성남,2025.11.20 7:00,3.9,0,0.3,0,74
572,성남,2025.11.20 8:00,4,0,0.2,0,75
572,성남,2025.11.20 9:00,5.5,185.5,0.5,0,71
572,성남,2025.11.20 10:00,7.2,182.9,0.5,0,68
572,성남,2025.11.20 11:00,9.7,181.8,0.9,0,65
572,성남,2025.11.20 12:00,12.4,226.9,0.7,0,58
572,성남,2025.11.20 13:00,13.2,233.8,1.4,0,56
572,성남,2025.11.20 14:00,13.5,255.4,2.3,0,57
572,성남,2025.11.20 15:00,13.8,255.1,1.6,0,60
572,성남,2025.11.20 16:00,12.7,284.8,2.8,0,54
572,성남,2025.11.20 17:00,12.1,282.5,2.3,0,51
572,성남,2025.11.20 18:00,10.8,259.2,1.4,0,59
572,성남,2025.11.20 19:00,10.2,273.5,1.1,0,63
572,성남,2025.11.20 20:00,8.8,320.7,1.3,0,55
572,성남,2025.11.20 21:00,7.9,317.7,2.5,0,48
572,성남,2025.11.20 22:00,6.3,326.6,2.4,0,57
572,성남,2025.11.20 23:00,5,351.1,0.7,0,57
572,성남,2025.11.21 0:00,3.7,0,0.3,0,60
572,성남,2025.11.21 1:00,2.4,0,0.1,0,66
572,성남,2025.11.21 2:00,1.1,0,0,0,74
572,성남,2025.11.21 3:00,0.2,0,0,0,78
572,성남,2025.11.21 4:00,-0.3,0,0,0,81
572,성남,2025.11.21 5:00,-0.7,0,0,0,84
572,성남,2025.11.21 6:00,-0.7,0,0,0,82
572,성남,2025.11.21 7:00,-0.9,0,0,0,85
572,성남,2025.11.21 8:00,-0.4,0,0,0,83
572,성남,2025.11.21 9:00,2.6,0,0.1,0,70
572,성남,2025.11.21 10:00,5.3,0,0.3,0,52
572,성남,2025.11.21 11:00,7.9,0,0.3,0,43
572,성남,2025.11.21 12:00,9.9,317,1.6,0,31
572,성남,2025.11.21 13:00,10.7,271.3,1.7,0,32
572,성남,2025.11.21 14:00,11.4,250.1,2.3,0,42
572,성남,2025.11.21 15:00,11.1,289.4,1.5,0,47
572,성남,2025.11.21 16:00,10.8,278.6,1.8,0,52
572,성남,2025.11.21 17:00,10.4,273.3,1.2,0,56
572,성남,2025.11.21 18:00,10.2,247.5,0.7,0,58
572,성남,2025.11.21 19:00,10.1,0,0.3,0,61
572,성남,2025.11.21 20:00,9.8,0,0.4,0,64
572,성남,2025.11.21 21:00,9.7,0,0.2,0,67
572,성남,2025.11.21 22:00,9.7,0,0.4,0,70
572,성남,2025.11.21 23:00,8.8,0,0.4,0,70
572,성남,2025.11.22 0:00,9,0,0.3,0,68
572,성남,2025.11.22 1:00,8.9,199.4,0.7,0,68
572,성남,2025.11.22 2:00,6.7,0,0.2,0,78
572,성남,2025.11.22 3:00,5.7,0,0,0,83
572,성남,2025.11.22 4:00,4.9,0,0.1,0,86
572,성남,2025.11.22 5:00,4,0,0,0,88
572,성남,2025.11.22 6:00,3.5,0,0.2,0,90
572,성남,2025.11.22 7:00,3.3,0,0,0,91
572,성남,2025.11.22 8:00,4,0,0.1,0,90
572,성남,2025.11.22 9:00,6.8,0,0.1,0,84
572,성남,2025.11.22 10:00,8.6,0,0.1,0,77
572,성남,2025.11.22 11:00,11.2,221.2,0.5,0,67
572,성남,2025.11.22 12:00,11.9,225.6,0.5,0,62
572,성남,2025.11.22 13:00,14.1,236.5,1.2,0,52
572,성남,2025.11.22 14:00,14.3,249.2,0.9,0,48
572,성남,2025.11.22 15:00,14.5,227.4,1.6,0,39
572,성남,2025.11.22 16:00,13.9,249,0.8,0,38
572,성남,2025.11.22 17:00,12.7,238.3,1.1,0,43
572,성남,2025.11.22 18:00,10.9,0,0.4,0,51
572,성남,2025.11.22 19:00,8,0,0,0,66
572,성남,2025.11.22 20:00,6.6,0,0.1,0,72
572,성남,2025.11.22 21:00,5.8,0,0,0,77
572,성남,2025.11.22 22:00,5.2,0,0,0,80
572,성남,2025.11.22 23:00,5.5,0,0.1,0,82
572,성남,2025.11.23 0:00,5.8,0,0,0,85
572,성남,2025.11.23 1:00,6,0,0.1,0,85
572,성남,2025.11.23 2:00,6.3,0,0,0,85
572,성남,2025.11.23 3:00,5.8,0,0,0,88
572,성남,2025.11.23 4:00,6.1,0,0,0,87
572,성남,2025.11.23 5:00,6.3,0,0.1,0,88
572,성남,2025.11.23 6:00,7.6,0,0,0,84
572,성남,2025.11.23 7:00,7.9,0,0.3,0,83
572,성남,2025.11.23 8:00,8.1,0,0.2,0,80
572,성남,2025.11.23 9:00,9.5,0,0.2,0,76
572,성남,2025.11.23 10:00,11.5,182.3,0.5,0,70
572,성남,2025.11.23 11:00,12.9,177.7,0.7,0,64
572,성남,2025.11.23 12:00,13.7,187.3,1.2,0,62
572,성남,2025.11.23 13:00,13.6,177.6,1,0,63
572,성남,2025.11.23 14:00,14.3,193.7,1.5,0,61
572,성남,2025.11.23 15:00,14.1,214.7,1.5,0,63
572,성남,2025.11.23 16:00,13.8,192,0.8,0,64
572,성남,2025.11.23 17:00,12.9,0,0.4,0,67
572,성남,2025.11.23 18:00,12,0,0.3,0,72
572,성남,2025.11.23 19:00,12.9,200.2,0.8,0,69
572,성남,2025.11.23 20:00,12.9,216.3,1.1,0,70
572,성남,2025.11.23 21:00,12.4,0,0.3,0,73
572,성남,2025.11.23 22:00,12.2,0,0.4,0,73
572,성남,2025.11.23 23:00,12.2,173.1,0.5,0,73
572,성남,2025.11.24 0:00,12.1,181.3,0.6,0,75
572,성남,2025.11.24 1:00,10.4,0,0,0,81
572,성남,2025.11.24 2:00,9.6,0,0,0,84
572,성남,2025.11.24 3:00,9.1,0,0,0,86
572,성남,2025.11.24 4:00,8.7,0,0,0,86
572,성남,2025.11.24 5:00,8.6,0,0.1,0,87
572,성남,2025.11.24 6:00,7.5,0,0,0,89
572,성남,2025.11.24 7:00,8,0,0,0,89
572,성남,2025.11.24 8:00,9,0,0,0,87
572,성남,2025.11.24 9:00,11.4,209.8,0.5,0,80
572,성남,2025.11.24 10:00,12.5,200.8,0.9,0,76
572,성남,2025.11.24 11:00,13.5,171.5,0.9,0,73
572,성남,2025.11.24 12:00,14.4,184.8,0.9,0,72
572,성남,2025.11.24 13:00,15.8,189.1,1.1,0,66
572,성남,2025.11.24 14:00,16.5,189.2,1.2,0,61
572,성남,2025.11.24 15:00,16.2,276.2,0.9,0,62
572,성남,2025.11.24 16:00,15.6,240.3,1.7,0,63
572,성남,2025.11.24 17:00,14.7,249.6,1,0,54
572,성남,2025.11.24 18:00,13.1,0,0.4,0,53
572,성남,2025.11.24 19:00,10,0,0.1,0,71
572,성남,2025.11.24 20:00,9.8,0,0.1,0,77
572,성남,2025.11.24 21:00,8.7,0,0,0,83
572,성남,2025.11.24 22:00,10.3,223.1,0.6,0,85
572,성남,2025.11.24 23:00,7.5,0,0.1,0,91
572,성남,2025.11.25 0:00,6.6,0,0,0,96
572,성남,2025.11.25 1:00,5.9,0,0,0,98
572,성남,2025.11.25 2:00,5.6,0,0,0,99
572,성남,2025.11.25 3:00,5.7,0,0,0,99
572,성남,2025.11.25 4:00,6.4,0,0,0,99
572,성남,2025.11.25 5:00,6.2,0,0.1,0,99
572,성남,2025.11.25 6:00,7.1,0,0,0,99
572,성남,2025.11.25 7:00,8.3,212,0.8,2.5,95
572,성남,2025.11.25 8:00,7.7,0,0.1,0.5,97
572,성남,2025.11.25 9:00,7.9,102.1,0.6,1,95
572,성남,2025.11.25 10:00,8.9,236.1,1.1,0.5,87
572,성남,2025.11.25 11:00,8.8,319.9,1.7,0,83
572,성남,2025.11.25 12:00,9.1,311.1,3,0,74
572,성남,2025.11.25 13:00,9.3,306,1.9,0,69
572,성남,2025.11.25 14:00,8.1,292.1,2.8,0,71
572,성남,2025.11.25 15:00,7.9,317.7,3.5,0,70
572,성남,2025.11.25 16:00,7.6,321.4,3.1,0,68
572,성남,2025.11.25 17:00,7.1,319.4,2.2,0,74
572,성남,2025.11.25 18:00,6.8,319.2,1.5,0,74
572,성남,2025.11.25 19:00,6.4,302.5,2.4,0,76
572,성남,2025.11.25 20:00,6.3,318.9,1.7,0,77
572,성남,2025.11.25 21:00,6.2,320.4,1.7,0,77
572,성남,2025.11.25 22:00,6,0,0.3,0,78
572,성남,2025.11.25 23:00,6,0,0.4,0,79
572,성남,2025.11.26 0:00,5.6,0,0.4,0,76
572,성남,2025.11.26 1:00,5.6,3,0.5,0,74
572,성남,2025.11.26 2:00,5.6,0,0.3,0,75
572,성남,2025.11.26 3:00,5.8,302.4,0.5,0,71
572,성남,2025.11.26 4:00,5.7,318.2,0.6,0,73
572,성남,2025.11.26 5:00,5.5,244,0.7,0,71
572,성남,2025.11.26 6:00,4.8,222.6,0.6,0,76
572,성남,2025.11.26 7:00,4.1,0,0.4,0,80
572,성남,2025.11.26 8:00,2.6,0,0,0,87
572,성남,2025.11.26 9:00,4.7,0,0.1,0,79
572,성남,2025.11.26 10:00,6.9,0,0.3,0,67
572,성남,2025.11.26 11:00,8.5,7.4,0.9,0,59
572,성남,2025.11.26 12:00,8.9,0,0.2,0,57
572,성남,2025.11.26 13:00,8.8,295.8,0.9,0,57
572,성남,2025.11.26 14:00,9.1,255.6,0.6,0,57
572,성남,2025.11.26 15:00,9,232.9,1.1,0,56
572,성남,2025.11.26 16:00,9.3,0,0.4,0,56
572,성남,2025.11.26 17:00,8.6,0,0.4,0,58
572,성남,2025.11.26 18:00,6.3,0,0,0,71
572,성남,2025.11.26 19:00,4.6,0,0,0,78
572,성남,2025.11.26 20:00,4,0,0.1,0,82
572,성남,2025.11.26 21:00,3.2,0,0.1,0,85
572,성남,2025.11.26 22:00,3,0,0,0,86
572,성남,2025.11.26 23:00,2.3,0,0,0,87
572,성남,2025.11.27 0:00,1.4,0,0,0,89
572,성남,2025.11.27 1:00,1.1,0,0.1,0,90
572,성남,2025.11.27 2:00,3.2,135.2,0.8,0,86
572,성남,2025.11.27 3:00,2.5,0,0.3,0,87
572,성남,2025.11.27 4:00,2.9,0,0,0,88
572,성남,2025.11.27 5:00,4.1,100,0.9,0,80
572,성남,2025.11.27 6:00,3.9,108.9,1.2,0,81
572,성남,2025.11.27 7:00,4.2,0,0.2,0,81
572,성남,2025.11.27 8:00,4.4,0,0.3,0.5,86
572,성남,2025.11.27 9:00,5.3,107.7,0.5,0,84
572,성남,2025.11.27 10:00,5.1,189.2,0.5,1.5,88
572,성남,2025.11.27 11:00,5.7,195.7,0.8,5,98
572,성남,2025.11.27 12:00,7.1,223,0.6,1.5,89
572,성남,2025.11.27 13:00,9.2,226.5,1.3,0,83
572,성남,2025.11.27 14:00,6.3,235.8,1.4,1.5,88
572,성남,2025.11.27 15:00,7.1,317.1,2.6,0,85
572,성남,2025.11.27 16:00,7.4,314.7,1.8,0,77
572,성남,2025.11.27 17:00,7.4,303.3,1.7,0,76
572,성남,2025.11.27 18:00,6.4,304.2,2.2,0,72
572,성남,2025.11.27 19:00,5.4,306.3,2.6,0,67
572,성남,2025.11.27 20:00,5.4,323.8,2.7,0,67
572,성남,2025.11.27 21:00,5.3,332.1,1.2,0,75
572,성남,2025.11.27 22:00,4,323.1,4.5,0,64
572,성남,2025.11.27 23:00,3.3,326.9,2.7,0,69
572,성남,2025.11.28 0:00,2.8,323.4,2.5,0,69
572,성남,2025.11.28 1:00,2.3,326.9,2.3,0,68
572,성남,2025.11.28 2:00,1.8,323.6,1.5,0,69
572,성남,2025.11.28 3:00,1.2,4.1,0.6,0,75
572,성남,2025.11.28 4:00,0.2,1.2,0.5,0,78
572,성남,2025.11.28 5:00,-0.6,0,0.4,0,81
572,성남,2025.11.28 6:00,-1,0,0.2,0,84
572,성남,2025.11.28 7:00,-1,0,0.1,0,79
572,성남,2025.11.28 8:00,-0.7,0,0.3,0,77
572,성남,2025.11.28 9:00,0.2,0,0.3,0,73
572,성남,2025.11.28 10:00,1.6,250.6,0.5,0,66
572,성남,2025.11.28 11:00,2.8,348.2,0.8,0,48
572,성남,2025.11.28 12:00,5,355.4,1.2,0,47
572,성남,2025.11.28 13:00,5.9,21.3,0.9,0,41
572,성남,2025.11.28 14:00,6.2,347.1,1,0,36
572,성남,2025.11.28 15:00,6.6,313.4,2,0,31
572,성남,2025.11.28 16:00,6.2,320.4,1.9,0,36
572,성남,2025.11.28 17:00,5.4,356.5,0.7,0,40
572,성남,2025.11.28 18:00,3.5,0,0.1,0,51
572,성남,2025.11.28 19:00,2.2,0,0,0,60
572,성남,2025.11.28 20:00,1.4,0,0.2,0,66
572,성남,2025.11.28 21:00,0.5,0,0.1,0,69
572,성남,2025.11.28 22:00,0.2,0,0,0,70
572,성남,2025.11.28 23:00,-0.6,0,0.1,0,77
572,성남,2025.11.29 0:00,-0.9,0,0.2,0,81
572,성남,2025.11.29 1:00,-1.4,0,0.1,0,81
572,성남,2025.11.29 2:00,-1.9,0,0,0,84
572,성남,2025.11.29 3:00,-2.1,0,0.1,0,83
572,성남,2025.11.29 4:00,-2.2,0,0.3,0,86
572,성남,2025.11.29 5:00,-2,0,0,0,85
572,성남,2025.11.29 6:00,-1.9,0,0.1,0,84
572,성남,2025.11.29 7:00,-0.1,194.7,0.8,0,71
572,성남,2025.11.29 8:00,-0.2,0,0.4,0,70
572,성남,2025.11.29 9:00,1,0,0,0,65
572,성남,2025.11.29 10:00,2.7,0,0.4,0,59
572,성남,2025.11.29 11:00,5.1,109.5,0.6,0,51
572,성남,2025.11.29 12:00,7,106.6,1.2,0,49
572,성남,2025.11.29 13:00,8,110,1.1,0,51
572,성남,2025.11.29 14:00,8.7,105.2,1.8,0,50
572,성남,2025.11.29 15:00,9.4,105.8,1.2,0,52
572,성남,2025.11.29 16:00,9.6,107,1.3,0,52
572,성남,2025.11.29 17:00,9.2,111.3,0.8,0,54
572,성남,2025.11.29 18:00,8.9,0,0.2,0,54
572,성남,2025.11.29 19:00,8.9,101.3,0.7,0,58
572,성남,2025.11.29 20:00,8.4,0,0,0,66
572,성남,2025.11.29 21:00,9.4,0,0.3,0,66
572,성남,2025.11.29 22:00,9.9,192.6,0.5,0,69
572,성남,2025.11.29 23:00,9.3,183.3,0.7,0,80
572,성남,2025.11.30 0:00,10.3,195.6,0.7,0,82
572,성남,2025.11.30 1:00,11.2,172,1.3,0,83
572,성남,2025.11.30 2:00,11.3,172,0.9,0,84
572,성남,2025.11.30 3:00,10.1,0,0.3,0,86
572,성남,2025.11.30 4:00,10.9,177.1,0.9,0,87
572,성남,2025.11.30 5:00,8.7,0,0.2,0,96
572,성남,2025.11.30 6:00,7.6,0,0.1,0,99
572,성남,2025.11.30 7:00,7.5,0,0.1,0,99
572,성남,2025.11.30 8:00,7.9,0,0.3,0,99
572,성남,2025.11.30 9:00,9.2,0,0.1,0,99
572,성남,2025.11.30 10:00,12.1,169,0.8,0,85
572,성남,2025.11.30 11:00,12.8,191.2,1.1,0,82
572,성남,2025.11.30 12:00,14.3,189.8,1.2,0,74
572,성남,2025.11.30 13:00,15,203,1,0,68
572,성남,2025.11.30 14:00,15.2,230.3,1.1,0,66
572,성남,2025.11.30 15:00,15.4,197.9,1.2,0,66
572,성남,2025.11.30 16:00,15.6,191.7,0.6,0,67
572,성남,2025.11.30 17:00,14.9,183.7,1,0,67
572,성남,2025.11.30 18:00,12.7,0,0.3,0,73
572,성남,2025.11.30 19:00,10.6,0,0.1,0,82
572,성남,2025.11.30 20:00,12.6,193.6,0.8,0,78
572,성남,2025.11.30 21:00,10.5,82.7,0.5,0,85
572,성남,2025.11.30 22:00,12,254.2,0.5,0,86
572,성남,2025.11.30 23:00,12.4,232.1,1,0,84